_Index,_DataValue,_Series,_PartsType,_Name,_Explain
0,1,ID_001,HELM,"Hope Mask","Armor crafted specifically for members of the expedition. The mask keeps the sand out."
1,2,ID_001,BODY,"Hope Mail","Armor crafted specifically for members of the expedition. An all-seasons design for any clime."
2,3,ID_001,ARM,"Hope Vambraces","Armor crafted specifically for members of the expedition. Pliant fingers help with precision work."
3,4,ID_001,WAIST,"Hope Coil","Armor crafted specifically for members of the expedition. It is optimized for quick access."
4,5,ID_001,LEG,"Hope Greaves","Armor crafted specifically for members of the expedition. It can handle nearly any terrain."
5,6,ID_002,HELM,"Leather Headgear","Head armor made of treated monster hide. A safe choice, designed for multi-purpose use."
6,7,ID_002,BODY,"Leather Vest","Simple chest armor reinforced with monster hide. A design that maximizes wearability."
7,8,ID_002,ARM,"Leather Gloves","Armguards reinforced with monster hide. They're light, but provide ample protection."
8,9,ID_002,WAIST,"Leather Belt","Waistgear reinforced with monster hide. Hunters swear by its no-nonsense functionality."
9,10,ID_002,LEG,"Leather Pants","Leg armor reinforced with monster hide. Molds to the body with extended use."
10,11,ID_003,HELM,"Chainmail Headgear","Head armor made of woven chain links. Its familiar design inspires trust in hunters who wear it."
11,12,ID_003,BODY,"Chainmail Vest","Chest armor made of woven chain links. Tried and true, it offers solid, functional defense."
12,13,ID_003,ARM,"Chainmail Gloves","Armguards made of woven chain links. They're easy to use and a breeze to maintain."
13,14,ID_003,WAIST,"Chainmail Belt","Waistgear made of woven chain links. A smart combination of materials keeps it extra light."
14,15,ID_003,LEG,"Chainmail Pants","Leg armor made of woven chain links. The clever weave prevents it from impairing movement."
15,16,ID_004,HELM,"Bone Helm","Traditional head armor crafted from monster bones. Believe it or not, it offers pretty good insulation."
16,17,ID_004,BODY,"Bone Mail","Traditional chest armor with a unique plating of intricately pieced together monster bones."
17,18,ID_004,ARM,"Bone Vambraces","Traditional armguards made from monster bones. It's a wonder these mismatched shapes fit together."
18,19,ID_004,WAIST,"Bone Coil","Traditional waistgear bound with monster bones. Looks crude, but it does the job."
19,20,ID_004,LEG,"Bone Greaves","Traditional leg armor crafted from monster bones so light it's like wearing nothing at all."
20,21,ID_011,HELM,"Bulaqchi Specs","Spectacles made from Bulaqchi parts. The hottest new design for the stylish hunter."
21,22,ID_009,ARM,"Talioth Vambraces","Talioth armguards. The forearm blades are a classic example of style over practicality."
22,23,ID_017,HELM,"Chatacabra Helm","Chatacabra head armor. The design is specially tailored for desert hunting."
23,24,ID_017,BODY,"Chatacabra Mail","Chatacabra chest armor. Equipped with generous elastic cushioning in the collar."
24,25,ID_017,ARM,"Chatacabra Vambraces","Chatacabra armguards. They protect the wrists without hampering weapon handling."
25,26,ID_017,WAIST,"Chatacabra Coil","Chatacabra waistgear. The charming, heart-shaped pouch is made from its ample tongue."
26,27,ID_017,LEG,"Chatacabra Greaves","Leg armor made from Chatacabra spoils. A loose fit for maximum mobility."
27,28,ID_018,HELM,"Quematrice Helm","Head armor made from Quematrice spoils. The shock of feathers ties the whole look together."
28,29,ID_018,BODY,"Quematrice Mail","Quematrice chest armor. The design may look ceremonial, but it offers ample protection."
29,30,ID_018,ARM,"Quematrice Braces","Armguards made from Quematrice parts. The wide cuffs allow the wrists to move unimpeded."
30,31,ID_018,WAIST,"Quematrice Coil","Flaunt-worthy Quematrice waistgear. Nothing shouts haute couture like flowing tassets."
31,32,ID_018,LEG,"Quematrice Greaves","Quematrice leg armor. The ornate gaiters let a hunter strut like a Quematrice."
32,33,ID_006,HELM,"Alloy Helm","A helmet crafted from quality ore. While it doesn't look like much, this is highly functional armor."
33,34,ID_006,BODY,"Alloy Mail","Chest armor crafted from quality ore. Made with a logical, no-frills construction that puts mobility first."
34,35,ID_006,ARM,"Alloy Vambraces","Armguards crafted from quality ore. Every element is streamlined for maximum utility."
35,36,ID_006,WAIST,"Alloy Coil","Waistgear crafted from quality ore. The complexly shaded patina and sleek design are quite stunning."
36,37,ID_006,LEG,"Alloy Greaves","Leg armor crafted from quality ore. What it lacks in charm it more than makes up in defense."
37,38,ID_012,LEG,"Piragill Greaves","Piragill leg armor. A light, skintight fit made with the most exquisite, buttery-soft leather."
39,39,ID_016,HELM,"Vespoid Helm","A Vespoid helmet. The carapace material is susceptible to fire but offers sturdy coverage."
40,40,ID_016,BODY,"Vespoid Mail","Vespoid chest armor. Its arcane build provides formidable resistance to physical attacks."
41,41,ID_016,ARM,"Vespoid Vambraces","Vespoid armguards. They are as heavy as they look, but they afford significant defense."
42,42,ID_016,WAIST,"Vespoid Coil","Vespoid waistgear. The design arose from the study of highly defensive exoskeletons."
43,43,ID_016,LEG,"Vespoid Greaves","Leg armor made from Vespoid parts. Ingenious artisanship has further reinforced the carapace."
44,44,ID_019,HELM,"Barina Headgear","Lala Barina head armor. The rose embellishments were fashioned from its carapace."
45,45,ID_019,BODY,"Barina Mail","Lala Barina chest armor. It may look like normal clothing, but it's just as hardy as armor."
46,46,ID_019,ARM,"Barina Vambraces","Lala Barina armguards that are so elegant they could pass as formal wear."
47,47,ID_019,WAIST,"Barina Coil","Lala Barina waistgear that nobility would gladly don just to make an impression."
48,48,ID_019,LEG,"Barina Greaves","Lala Barina leg armor. Pulls the rose motif back in with subtle but elegant detailing."
49,49,ID_020,HELM,"Conga Helm","Head armor made from Congalala materials. Remember: it's ""feral,"" not ""unkempt."""
50,50,ID_020,BODY,"Conga Mail","Chest armor made from Congalala materials. The shocks of monster fur help hunters keep it wild."
51,51,ID_020,ARM,"Conga Vambraces","Armguards made from Congalala materials. Crudely made but highly protective."
52,52,ID_020,WAIST,"Conga Coil","Waistgear made from Congalala materials, complete with an array of handy pockets!"
53,53,ID_020,LEG,"Conga Greaves","Greaves made of Congalala parts. Wild crafting perfect for those who run in the wilderness."
54,54,ID_021,HELM,"Balahara Helm","A Balahara helmet covered in roughly polished protrusions to strongly evoke its namesake."
55,55,ID_021,BODY,"Balahara Mail","Balahara chest armor. The bulky shoulders are roomy enough to allow ample movement."
56,56,ID_021,ARM,"Balahara Vambraces","Balahara armguards. The spikes are arranged artfully in a way that maximizes movement."
57,57,ID_021,WAIST,"Balahara Coil","Balahara waistgear. The fabric is colored a shade of red that stirs a competitive spirit."
58,58,ID_021,LEG,"Balahara Greaves","Spiny Balahara leg armor. The carapace has been split into clever, fluid parts."
59,59,ID_022,HELM,"Doshaguma Helm","Head armor made from Doshaguma parts. Pity any enemy who dares scoff at its imposing crest."
60,60,ID_022,BODY,"Doshaguma Mail","Doshaguma chest armor. The lush shocks of fur function as a robust defensive layer."
61,61,ID_022,ARM,"Doshaguma Braces","Doshaguma armguards. Teeming with such feral power, they had to be restrained with metal bracers."
62,62,ID_022,WAIST,"Doshaguma Coil","Waistgear made from Doshaguma parts. Nothing can muss the thick pile of this sturdy sash."
63,63,ID_022,LEG,"Doshaguma Greaves","Doshaguma leg armor. Whether dune or sandstorm, nothing can slow its wearer's progress."
64,64,ID_029,HELM,"Duna Wildhelm","Uth Duna head armor. The plumage crafted from its fins convey the forest's will to the wearer."
65,65,ID_029,BODY,"Duna Wildmail","Uth Duna chest armor. The tightly fitted scales make the wearer feel as if they are one with nature."
66,66,ID_029,ARM,"Duna Wildbraces","Uth Duna armguards. The rows of stone beading are an elegant touch that boosts concentration."
67,67,ID_029,WAIST,"Duna Wildcoil","Uth Duna waistgear. The fabric is imbued with the breath of the forest, absorbing any impact."
68,68,ID_029,LEG,"Duna Wildgreaves","Elaborately patterned Uth Duna leg armor. The design is said to invoke the forest's protection."
69,69,ID_007,HELM,"Ingot Helm","Head armor fashioned from lustrous, golden ore. Regal protection with a crown to complete the look."
70,70,ID_007,BODY,"Ingot Mail","Chest armor crafted from brilliant golden ore. Its color and design are both highly pleasing."
71,71,ID_007,ARM,"Ingot Vambraces","Armguards fashioned from lustrous, golden ore. A union of artistry and utility with no absence of durability."
72,72,ID_007,WAIST,"Ingot Coil","Waistgear fashioned from lustrous, golden ore. It joins haute design with the very latest in armor craft."
73,73,ID_007,LEG,"Ingot Greaves","Leg armor fashioned from lustrous, golden ore. Clever smithing makes the metal feel fluid and light."
74,74,ID_013,BODY,"Kranodath Mail","Kranodath chest armor. What armor enthusiast could resist such ornate plating?"
75,75,ID_023,HELM,"Rompopolo Helm","Rompopolo head armor. The mask is needed to ward off the material's residual toxins."
76,76,ID_023,BODY,"Rompopolo Mail","Well-padded Rompopolo chest armor. The fabric contains poison that—supposedly—never leaks."
77,77,ID_023,ARM,"Rompopolo Vambraces","Rompopolo armguards. The poisonous needles in the claws are neat, but tricky to use."
78,78,ID_023,WAIST,"Rompopolo Coil","Rompopolo waistgear fully equipped with instruments needed to handle poison."
79,79,ID_023,LEG,"Rompopolo Greaves","Rompopolo leg armor. Careful you don't accidentally lean on those spare vials of poison..."
80,80,ID_028,HELM,"Rey Sandhelm","Rey Dau head armor. Its crest reaches the heavens—proof that this creature bows to no one."
81,81,ID_028,BODY,"Rey Sandmail","Rey Dau chest armor. Its carapace has been meticulously paneled into a bastion of defense."
82,82,ID_028,ARM,"Rey Sandbraces","Rey Dau armguards. A lingering charge gives the wearer a grip like a vice."
83,83,ID_028,WAIST,"Rey Sandcoil","Rey Dau waistgear. The faintly glowing buckle inspires awe and respect."
84,84,ID_028,LEG,"Rey Sandgreaves","Rey Dau leg armor. A layer of latent electricity cushions blows and softens landings."
85,85,ID_014,HELM,"Comaqchi Accessory","A Comaqchi head accessory. The thin, sleek plating emanates an eldritch gleam."
86,86,ID_024,HELM,"Nerscylla Helm","A helmet made from Nerscylla spoils. Protection this durable requires masterful precision and execution."
87,87,ID_024,BODY,"Nerscylla Mail","Chest armor made from Nerscylla materials. Advanced engineering makes it feel impossibly light."
88,88,ID_024,ARM,"Nerscylla Vambraces","Armguards made from Nerscylla spoils. Extra play in the fingers helps improve weapon handling."
89,89,ID_024,WAIST,"Nerscylla Coil","Waistgear made from Nerscylla spoils. A work of art that exhibits a deep dedication to armor craft."
90,90,ID_024,LEG,"Nerscylla Greaves","Leg armor made from Nerscylla spoils. It keeps hunters light on their feet and looking good in action."
91,91,ID_025,HELM,"Hirabami Headdress","Head armor made from Hirabami spoils. It keeps the wearer attuned and bound to the wind at all times."
92,92,ID_025,BODY,"Hirabami Mail","Chest armor made from Hirabami spoils. The style is inspired by the gallant warriors of a foreign land."
93,93,ID_025,ARM,"Hirabami Vambraces","Armguards made from Hirabami spoils. Wind rises at the fingertips in warning to all adversaries."
94,94,ID_025,WAIST,"Hirabami Coil","Waistgear made from Hirabami spoils. The elegant sash harnesses the wind to mitigate impacts."
95,95,ID_025,LEG,"Hirabami Greaves","Leg armor made from Hirabami spoils. Designed for mobility, they feel like walking on wind."
96,96,ID_026,HELM,"Ajarakan Helm","Imposing Ajarakan head armor. Donning it will draw the fires from within to burst forth."
97,97,ID_026,BODY,"Ajarakan Mail","Ajarakan chest armor. The heat of its flames warns prey of their final immolation."
98,98,ID_026,ARM,"Ajarakan Vambraces","Mighty Ajarakan armguards. They have just as much ground-shaking power as their namesake."
99,99,ID_026,WAIST,"Ajarakan Coil","Ajarakan waistgear. It acts as a tether to quell the wearer's exploding rage."
100,100,ID_026,LEG,"Ajarakan Greaves","Flame crested Ajarakan leg armor. A heat so fierce that each step makes the earth shudder in agony."
101,101,ID_030,HELM,"Udra Mirehelm","Nu Udra head armor. The world through this mask is swathed in vengeance and ebony fire."
102,102,ID_030,BODY,"Udra Miremail","Nu Udra chest armor. As if a curse manifested, tentacles drape down to form a haunting cape."
103,103,ID_030,ARM,"Udra Mirebraces","Chilling Nu Udra armguards. They warp one's sense of touch, changing warmth to cold nothingness."
104,104,ID_030,WAIST,"Udra Mirecoil","Nu Udra waistgear. The gnash of spikes and fangs are bound by a personalized curse."
105,105,ID_030,LEG,"Udra Miregreaves","Nu Udra leg armor. The wearer could cross a sea of fire without so much as a blister."
106,106,ID_015,WAIST,"G. Seikret Coil","Guardian Seikret waistgear. The long, white feathers produce a faint, exquisite glow."
107,107,ID_032,HELM,"G. Doshaguma Helm","Head armor made from Guardian Doshaguma spoils. To don it is to be seized by unspeakable cravings."
108,108,ID_032,BODY,"G. Doshaguma Mail","Chest armor made from Guardian Doshaguma spoils. It instills a new vitality and sense of purpose."
109,109,ID_032,ARM,"G. Doshaguma Braces","Armguards made from Guardian Doshaguma spoils. They agitate the wearer unless in constant motion."
110,110,ID_032,WAIST,"G. Doshaguma Coil","Waistgear made from Guardian Doshaguma spoils. The white areas self-repair when damaged."
111,111,ID_032,LEG,"G. Doshaguma Greaves","Leg armor made from Guardian Doshaguma spoils. Produces a faint white aura when worn."
112,112,ID_033,HELM,"G. Rathalos Helm","Head armor made from Guardian Rathalos spoils. To don it is to be seized by unspeakable cravings."
113,113,ID_033,BODY,"G. Rathalos Mail","Chest armor made from Guardian Rathalos spoils. It instills a new vitality and sense of purpose."
114,114,ID_033,ARM,"G. Rathalos Vambraces","Armguards made from Guardian Rathalos spoils. They agitate the wearer unless in constant motion."
115,115,ID_033,WAIST,"G. Rathalos Coil","Waistgear made from Guardian Rathalos spoils. The white areas self-repair when damaged."
116,116,ID_033,LEG,"G. Rathalos Greaves","Leg armor made from Guardian Rathalos spoils. Produces a faint white aura when worn."
117,117,ID_034,HELM,"G. Ebony Helm","Head armor made from Guardian Ebony Odogaron spoils. To don it is to be seized by unspeakable cravings."
118,118,ID_034,BODY,"G. Ebony Mail","Chest armor made from Guardian Ebony Odogaron spoils. It instills a new vitality and sense of purpose."
119,119,ID_034,ARM,"G. Ebony Braces","Armguards made from Guardian Ebony Odogaron spoils. They agitate the wearer unless in constant motion."
120,120,ID_034,WAIST,"G. Ebony Coil","Waistgear made from Guardian Ebony Odogaron spoils. The white areas self-repair when damaged."
121,121,ID_034,LEG,"G. Ebony Greaves","Leg armor made from Guardian Ebony Odogaron spoils. Produces a faint white aura when worn."
122,122,ID_027,HELM,"Xu Wu Helm","Concealing Xu Wu head armor. Fitting attire for hunters who dwell in darkness."
123,123,ID_027,BODY,"Xu Wu Mail","Xu Wu chest armor. The long scarf can be used as protective gear and multi-purpose rope."
124,124,ID_027,ARM,"Xu Wu Vambraces","Xu Wu armguards. The clever design gives the wearer's fingers a nimble edge even in the dark."
125,125,ID_027,WAIST,"Xu Wu Coil","Slinky Xu Wu waistgear. The uniquely textured leather moves silent as a whisper."
126,126,ID_027,LEG,"Xu Wu Greaves","Xu Wu leg armor. Meticulously crafted to allow the wearer to slink silently through the dark."
127,127,ID_035,HELM,"G. Arkveld Helm","Guardian Arkveld head armor. A host of heightened senses make up for the narrow view."
128,128,ID_035,BODY,"G. Arkveld Mail","Guardian Arkveld chest armor. It beckons forth a shudder of indescribable power."
129,129,ID_035,ARM,"G. Arkveld Vambraces","Guardian Arkveld armguards. Instills the desire to tear at friend and foe alike."
130,130,ID_035,WAIST,"G. Arkveld Coil","Guardian Arkveld waistgear. The chains writhe subtly, eager to ensnare prey."
131,131,ID_035,LEG,"G. Arkveld Greaves","Guardian Arkveld leg armor. Their power grows with each relentless, hungry step."
132,132,ID_037,HELM,"Hope Mask α","Armor crafted specifically for members of the expedition. The mask keeps the sand out."
133,133,ID_037,BODY,"Hope Mail α","Armor crafted specifically for members of the expedition. An all-seasons design for any clime."
134,134,ID_037,ARM,"Hope Vambraces α","Armor crafted specifically for members of the expedition. Pliant fingers help with precision work."
135,135,ID_037,WAIST,"Hope Coil α","Armor crafted specifically for members of the expedition. It is optimized for quick access."
136,136,ID_037,LEG,"Hope Greaves α","Armor crafted specifically for members of the expedition. It can handle nearly any terrain."
137,142,ID_039,HELM,"Leather Headgear α","Head armor made of treated monster hide. A safe choice, designed for multi-purpose use."
138,143,ID_039,BODY,"Leather Mail α","Simple chest armor reinforced with monster hide. A design that maximizes wearability."
139,144,ID_039,ARM,"Leather Gloves α","Armguards reinforced with monster hide. They're light, but provide ample protection."
140,145,ID_039,WAIST,"Leather Belt α","Waistgear reinforced with monster hide. Hunters swear by its no-nonsense functionality."
141,146,ID_039,LEG,"Leather Pants α","Leg armor reinforced with monster hide. Molds to the body with extended use."
142,152,ID_041,HELM,"Chainmail Headgear α","Head armor made of woven chain links. Its familiar design inspires trust in hunters who wear it."
143,153,ID_041,BODY,"Chainmail Armor α","Chest armor made of woven chain links. Tried and true, it offers solid, functional defense."
144,154,ID_041,ARM,"Chainmail Gloves α","Armguards made of woven chain links. They're easy to use and a breeze to maintain."
145,155,ID_041,WAIST,"Chainmail Belt α","Waistgear made of woven chain links. A smart combination of materials keeps it extra light."
146,156,ID_041,LEG,"Chainmail Pants α","Leg armor made of woven chain links. The clever weave prevents it from impairing movement."
157,162,ID_043,HELM,"Bulaqchi Specs α","Spectacles made from Bulaqchi parts. The hottest new design for the stylish hunter."
158,163,ID_044,HELM,"Bulaqchi Specs β","Spectacles made from Bulaqchi parts. The hottest new design for the stylish hunter."
159,164,ID_045,ARM,"Talioth Vambraces α","Talioth armguards. The forearm blades are a classic example of style over practicality."
160,165,ID_046,ARM,"Talioth Vambraces β","Talioth armguards. The forearm blades are a classic example of style over practicality."
161,166,ID_047,LEG,"Piragill Greaves α","Piragill leg armor. A light, skintight fit made with the most exquisite, buttery-soft leather."
162,167,ID_048,LEG,"Piragill Greaves β","Piragill leg armor. A light, skintight fit made with the most exquisite, buttery-soft leather."
163,168,ID_049,HELM,"Vespoid Helm α","A Vespoid helmet. The carapace material is susceptible to fire but offers sturdy coverage."
164,169,ID_049,BODY,"Vespoid Mail α","Vespoid chest armor. Its arcane build provides formidable resistance to physical attacks."
165,170,ID_049,ARM,"Vespoid Vambraces α","Vespoid armguards. They are as heavy as they look, but they afford significant defense."
166,171,ID_049,WAIST,"Vespoid Coil α","Vespoid waistgear. The design arose from the study of highly defensive exoskeletons."
167,172,ID_049,LEG,"Vespoid Greaves α","Leg armor made from Vespoid parts. Ingenious artisanship has further reinforced the carapace."
168,173,ID_050,HELM,"Vespoid Helm β","A Vespoid helmet. The carapace material is susceptible to fire but offers sturdy coverage."
169,174,ID_050,BODY,"Vespoid Mail β","Vespoid chest armor. Its arcane build provides formidable resistance to physical attacks."
170,175,ID_050,ARM,"Vespoid Vambraces β","Vespoid armguards. They are as heavy as they look, but they afford significant defense."
171,176,ID_050,WAIST,"Vespoid Coil β","Vespoid waistgear. The design arose from the study of highly defensive exoskeletons."
172,177,ID_050,LEG,"Vespoid Greaves β","Leg armor made from Vespoid parts. Ingenious artisanship has further reinforced the carapace."
173,178,ID_051,BODY,"Kranodath Mail α","Kranodath chest armor. What armor enthusiast could resist such ornate plating?"
174,179,ID_052,BODY,"Kranodath Mail β","Kranodath chest armor. What armor enthusiast could resist such ornate plating?"
175,180,ID_053,HELM,"Comaqchi Accessory α","A Comaqchi head accessory. The thin, sleek plating emanates an eldritch gleam."
176,181,ID_054,HELM,"Comaqchi Accessory β","A Comaqchi head accessory. The thin, sleek plating emanates an eldritch gleam."
177,182,ID_055,HELM,"Kut-Ku Helm α","Head armor made from superior Yian Kut-Ku parts. Its expert crafting brings to mind the bird-like beast."
178,183,ID_055,BODY,"Kut-Ku Mail α","Chest armor made from Yian Kut-Ku materials. Its unique color evokes thoughts of a foreign land."
179,184,ID_055,ARM,"Kut-Ku Vambraces α","Armguards made from Yian Kut-Ku materials. The otherworldly pink plating repels even wyvern fangs."
180,185,ID_055,WAIST,"Kut-Ku Coil α","Waistgear crafted from Yian Kut-Ku parts. Beware of its sharp, spine-covered exterior!"
181,186,ID_055,LEG,"Kut-Ku Greaves α","Leg armor made from Yian Kut-Ku spoils. The exceptional design prioritizes ease of movement."
182,187,ID_056,HELM,"Kut-Ku Helm β","Head armor made from superior Yian Kut-Ku parts. Its expert crafting brings to mind the bird-like beast."
183,188,ID_056,BODY,"Kut-Ku Mail β","Chest armor made from Yian Kut-Ku materials. Its unique color evokes thoughts of a foreign land."
184,189,ID_056,ARM,"Kut-Ku Vambraces β","Armguards made from Yian Kut-Ku materials. The otherworldly pink plating repels even wyvern fangs."
185,190,ID_056,WAIST,"Kut-Ku Coil β","Waistgear crafted from Yian Kut-Ku parts. Beware of its sharp, spine-covered exterior!"
186,191,ID_056,LEG,"Kut-Ku Greaves β","Leg armor made from Yian Kut-Ku spoils. The exceptional design prioritizes ease of movement."
187,192,ID_057,HELM,"Chatacabra Helm α","Chatacabra head armor. The design is specially tailored for desert hunting."
188,193,ID_057,BODY,"Chatacabra Mail α","Chatacabra chest armor. Equipped with generous elastic cushioning in the collar."
189,194,ID_057,ARM,"Chatacabra Vambraces α","Chatacabra armguards. They protect the wrists without hampering weapon handling."
190,195,ID_057,WAIST,"Chatacabra Coil α","Chatacabra waistgear. The charming, heart-shaped pouch is made from its ample tongue."
191,196,ID_057,LEG,"Chatacabra Greaves α","Leg armor made from Chatacabra spoils. A loose fit for maximum mobility."
192,197,ID_058,HELM,"Chatacabra Helm β","Chatacabra head armor. The design is specially tailored for desert hunting."
193,198,ID_058,BODY,"Chatacabra Mail β","Chatacabra chest armor. Equipped with generous elastic cushioning in the collar."
194,199,ID_058,ARM,"Chatacabra Vambraces β","Chatacabra armguards. They protect the wrists without hampering weapon handling."
195,200,ID_058,WAIST,"Chatacabra Coil β","Chatacabra waistgear. The charming, heart-shaped pouch is made from its ample tongue."
196,201,ID_058,LEG,"Chatacabra Greaves β","Leg armor made from Chatacabra spoils. A loose fit for maximum mobility."
197,202,ID_059,HELM,"Gypceros Helm α","Head armor made from Gypceros spoils. Its elasticity makes physical attacks bounce right off!"
198,203,ID_059,BODY,"Gypceros Mail α","Chest armor made from Gypceros materials. Its elastic qualities provide reliable impact resistance."
199,204,ID_059,ARM,"Gypceros Vambraces α","Armguards made from Gypceros spoils. The springy nature of the material renders lesser attacks meaningless."
200,205,ID_059,WAIST,"Gypceros Coil α","Waistgear made from Gypceros materials. The thick, meaty skin provides ample protection."
201,206,ID_059,LEG,"Gypceros Greaves α","Leg armor made from Gypceros spoils. The springy material is undeniably more comfortable than metal."
202,207,ID_060,HELM,"Gypceros Helm β","Head armor made from Gypceros spoils. Its elasticity makes physical attacks bounce right off!"
203,208,ID_060,BODY,"Gypceros Mail β","Chest armor made from Gypceros materials. Its elastic qualities provide reliable impact resistance."
204,209,ID_060,ARM,"Gypceros Vambraces β","Armguards made from Gypceros spoils. The springy nature of the material renders lesser attacks meaningless."
205,210,ID_060,WAIST,"Gypceros Coil β","Waistgear made from Gypceros materials. The thick, meaty skin provides ample protection."
206,211,ID_060,LEG,"Gypceros Greaves β","Leg armor made from Gypceros spoils. The springy material is undeniably more comfortable than metal."
147,212,ID_061,HELM,"Bone Helm α","Traditional head armor crafted from monster bones. Believe it or not, it offers pretty good insulation."
148,213,ID_061,BODY,"Bone Mail α","Traditional chest armor with a unique plating of intricately pieced together monster bones."
149,214,ID_061,ARM,"Bone Vambraces α","Traditional armguards made from monster bones. It's a wonder these mismatched shapes fit together."
150,215,ID_061,WAIST,"Bone Coil α","Traditional waistgear bound with monster bones. Looks crude, but it does the job."
151,216,ID_061,LEG,"Bone Greaves α","Traditional leg armor crafted from monster bones so light it's like wearing nothing at all."
152,222,ID_063,HELM,"Alloy Helm α","A helmet crafted from quality ore. While it doesn't look like much, this is highly functional armor."
153,223,ID_063,BODY,"Alloy Mail α","Chest armor crafted from quality ore. Made with a logical, no-frills construction that puts mobility first."
154,224,ID_063,ARM,"Alloy Vambraces α","Armguards crafted from quality ore. Every element is streamlined for maximum utility."
155,225,ID_063,WAIST,"Alloy Coil α","Waistgear crafted from quality ore. The complexly shaded patina and sleek design are quite stunning."
156,226,ID_063,LEG,"Alloy Greaves α","Leg armor crafted from quality ore. What it lacks in charm it more than makes up in defense."
207,232,ID_065,HELM,"Quematrice Helm α","Head armor made from Quematrice spoils. The shock of feathers ties the whole look together."
208,233,ID_065,BODY,"Quematrice Mail α","Quematrice chest armor. The design may look ceremonial, but it offers ample protection."
209,234,ID_065,ARM,"Quematrice Braces α","Armguards made from Quematrice parts. The wide cuffs allow the wrists to move unimpeded."
210,235,ID_065,WAIST,"Quematrice Coil α","Flaunt-worthy Quematrice waistgear. Nothing shouts haute couture like flowing tassets."
211,236,ID_065,LEG,"Quematrice Greaves α","Quematrice leg armor. The ornate gaiters let a hunter strut like a Quematrice."
212,237,ID_066,HELM,"Quematrice Helm β","Head armor made from Quematrice spoils. The shock of feathers ties the whole look together."
213,238,ID_066,BODY,"Quematrice Mail β","Quematrice chest armor. The design may look ceremonial, but it offers ample protection."
214,239,ID_066,ARM,"Quematrice Braces β","Armguards made from Quematrice parts. The wide cuffs allow the wrists to move unimpeded."
215,240,ID_066,WAIST,"Quematrice Coil β","Flaunt-worthy Quematrice waistgear. Nothing shouts haute couture like flowing tassets."
216,241,ID_066,LEG,"Quematrice Greaves β","Quematrice leg armor. The ornate gaiters let a hunter strut like a Quematrice."
217,242,ID_067,HELM,"Barina Headgear α","Lala Barina head armor. The rose embellishments were fashioned from its carapace."
218,243,ID_067,BODY,"Barina Mail α","Lala Barina chest armor. It may look like normal clothing, but it's just as hardy as armor."
219,244,ID_067,ARM,"Barina Vambraces α","Lala Barina armguards that are so elegant they could pass as formal wear."
220,245,ID_067,WAIST,"Barina Coil α","Lala Barina waistgear that nobility would gladly don just to make an impression."
221,246,ID_067,LEG,"Barina Greaves α","Lala Barina leg armor. Pulls the rose motif back in with subtle but elegant detailing."
222,247,ID_068,HELM,"Barina Headgear β","Lala Barina head armor. The rose embellishments were fashioned from its carapace."
223,248,ID_068,BODY,"Barina Mail β","Lala Barina chest armor. It may look like normal clothing, but it's just as hardy as armor."
224,249,ID_068,ARM,"Barina Vambraces β","Lala Barina armguards that are so elegant they could pass as formal wear."
225,250,ID_068,WAIST,"Barina Coil β","Lala Barina waistgear that nobility would gladly don just to make an impression."
226,251,ID_068,LEG,"Barina Greaves β","Lala Barina leg armor. Pulls the rose motif back in with subtle but elegant detailing."
227,252,ID_069,HELM,"Rompopolo Helm α","Rompopolo head armor. The mask is needed to ward off the material's residual toxins."
228,253,ID_069,BODY,"Rompopolo Mail α","Well-padded Rompopolo chest armor. The fabric contains poison that—supposedly—never leaks."
229,254,ID_069,ARM,"Rompopolo Vambraces α","Rompopolo armguards. The poisonous needles in the claws are neat, but tricky to use."
230,255,ID_069,WAIST,"Rompopolo Coil α","Rompopolo waistgear fully equipped with instruments needed to handle poison."
231,256,ID_069,LEG,"Rompopolo Greaves α","Rompopolo leg armor. Careful you don't accidentally lean on those spare vials of poison..."
232,257,ID_070,HELM,"Rompopolo Helm β","Rompopolo head armor. The mask is needed to ward off the material's residual toxins."
233,258,ID_070,BODY,"Rompopolo Mail β","Well-padded Rompopolo chest armor. The fabric contains poison that—supposedly—never leaks."
234,259,ID_070,ARM,"Rompopolo Vambraces β","Rompopolo armguards. The poisonous needles in the claws are neat, but tricky to use."
235,260,ID_070,WAIST,"Rompopolo Coil β","Rompopolo waistgear fully equipped with instruments needed to handle poison."
236,261,ID_070,LEG,"Rompopolo Greaves β","Rompopolo leg armor. Careful you don't accidentally lean on those spare vials of poison..."
237,262,ID_071,HELM,"Conga Helm α","Head armor made from Congalala materials. Remember: it's ""feral,"" not ""unkempt."""
238,263,ID_071,BODY,"Conga Mail α","Chest armor made from Congalala materials. The shocks of monster fur help hunters keep it wild."
239,264,ID_071,ARM,"Conga Vambraces α","Armguards made from Congalala materials. Crudely made but highly protective."
240,265,ID_071,WAIST,"Conga Coil α","Waistgear made from Congalala materials, complete with an array of handy pockets!"
241,266,ID_071,LEG,"Conga Greaves α","Greaves made of Congalala parts. Wild crafting perfect for those who run in the wilderness."
242,267,ID_072,HELM,"Conga Helm β","Head armor made from Congalala materials. Remember: it's ""feral,"" not ""unkempt."""
243,268,ID_072,BODY,"Conga Mail β","Chest armor made from Congalala materials. The shocks of monster fur help hunters keep it wild."
244,269,ID_072,ARM,"Conga Vambraces β","Armguards made from Congalala materials. Crudely made but highly protective."
245,270,ID_072,WAIST,"Conga Coil β","Waistgear made from Congalala materials, complete with an array of handy pockets!"
246,271,ID_072,LEG,"Conga Greaves β","Greaves made of Congalala parts. Wild crafting perfect for those who run in the wilderness."
247,272,ID_073,HELM,"Balahara Helm α","A Balahara helmet covered in roughly polished protrusions to strongly evoke its namesake."
248,273,ID_073,BODY,"Balahara Mail α","Balahara chest armor. The bulky shoulders are roomy enough to allow ample movement."
249,274,ID_073,ARM,"Balahara Vambraces α","Balahara armguards. The spikes are arranged artfully in a way that maximizes movement."
250,275,ID_073,WAIST,"Balahara Coil α","Balahara waistgear. The fabric is colored a shade of red that stirs a competitive spirit."
251,276,ID_073,LEG,"Balahara Greaves α","Spiny Balahara leg armor. The carapace has been split into clever, fluid parts."
252,277,ID_074,HELM,"Balahara Helm β","A Balahara helmet covered in roughly polished protrusions to strongly evoke its namesake."
253,278,ID_074,BODY,"Balahara Mail β","Balahara chest armor. The bulky shoulders are roomy enough to allow ample movement."
254,279,ID_074,ARM,"Balahara Vambraces β","Balahara armguards. The spikes are arranged artfully in a way that maximizes movement."
255,280,ID_074,WAIST,"Balahara Coil β","Balahara waistgear. The fabric is colored a shade of red that stirs a competitive spirit."
256,281,ID_074,LEG,"Balahara Greaves β","Spiny Balahara leg armor. The carapace has been split into clever, fluid parts."
257,282,ID_075,HELM,"Rathian Helm α","Replete with queenly refinement, grace, and might, this sleek Rathian head armor has it all."
258,283,ID_075,BODY,"Rathian Mail α","Worthy of the Queen of the Land's name, common metals cannot pierce this Rathian chest armor."
259,284,ID_075,ARM,"Rathian Vambraces α","The green scales gracing these Rathian armguards show their true beauty when wreathed in hellfire."
260,285,ID_075,WAIST,"Rathian Coil α","Resplendent with judicious light, this Rathian waistgear strikes fear into even the most vicious monsters."
261,286,ID_075,LEG,"Rathian Greaves α","Imbued with the Queen of the Land's strength, this Rathian leg armor tames the ground at your feet."
262,287,ID_076,HELM,"Rathian Helm β","Replete with queenly refinement, grace, and might, this sleek Rathian head armor has it all."
263,288,ID_076,BODY,"Rathian Mail β","Worthy of the Queen of the Land's name, common metals cannot pierce this Rathian chest armor."
264,289,ID_076,ARM,"Rathian Vambraces β","The green scales gracing these Rathian armguards show their true beauty when wreathed in hellfire."
265,290,ID_076,WAIST,"Rathian Coil β","Resplendent with judicious light, this Rathian waistgear strikes fear into even the most vicious monsters."
266,291,ID_076,LEG,"Rathian Greaves β","Imbued with the Queen of the Land's strength, this Rathian leg armor tames the ground at your feet."
267,292,ID_077,HELM,"Nerscylla Helm α","A helmet made from Nerscylla spoils. Protection this durable requires masterful precision and execution."
268,293,ID_077,BODY,"Nerscylla Mail α","Chest armor made from Nerscylla materials. Advanced engineering makes it feel impossibly light."
269,294,ID_077,ARM,"Nerscylla Vambraces α","Armguards made from Nerscylla spoils. Extra play in the fingers helps improve weapon handling."
270,295,ID_077,WAIST,"Nerscylla Coil α","Waistgear made from Nerscylla spoils. A work of art that exhibits a deep dedication to armor craft."
271,296,ID_077,LEG,"Nerscylla Greaves α","Leg armor made from Nerscylla spoils. It keeps hunters light on their feet and looking good in action."
272,297,ID_078,HELM,"Nerscylla Helm β","A helmet made from Nerscylla spoils. Protection this durable requires masterful precision and execution."
273,298,ID_078,BODY,"Nerscylla Mail β","Chest armor made from Nerscylla materials. Advanced engineering makes it feel impossibly light."
274,299,ID_078,ARM,"Nerscylla Vambraces β","Armguards made from Nerscylla spoils. Extra play in the fingers helps improve weapon handling."
275,300,ID_078,WAIST,"Nerscylla Coil β","Waistgear made from Nerscylla spoils. A work of art that exhibits a deep dedication to armor craft."
276,301,ID_078,LEG,"Nerscylla Greaves β","Leg armor made from Nerscylla spoils. It keeps hunters light on their feet and looking good in action."
277,302,ID_079,HELM,"Doshaguma Helm α","Head armor made from Doshaguma parts. Pity any enemy who dares scoff at its imposing crest."
278,303,ID_079,BODY,"Doshaguma Mail α","Doshaguma chest armor. The lush shocks of fur function as a robust defensive layer."
279,304,ID_079,ARM,"Doshaguma Braces α","Doshaguma armguards. Teeming with such feral power, they had to be restrained with metal bracers."
280,305,ID_079,WAIST,"Doshaguma Coil α","Waistgear made from Doshaguma parts. Nothing can muss the thick pile of this sturdy sash."
281,306,ID_079,LEG,"Doshaguma Greaves α","Doshaguma leg armor. Whether dune or sandstorm, nothing can slow its wearer's progress."
282,307,ID_080,HELM,"Doshaguma Helm β","Head armor made from Doshaguma parts. Pity any enemy who dares scoff at its imposing crest."
283,308,ID_080,BODY,"Doshaguma Mail β","Doshaguma chest armor. The lush shocks of fur function as a robust defensive layer."
284,309,ID_080,ARM,"Doshaguma Braces β","Doshaguma armguards. Teeming with such feral power, they had to be restrained with metal bracers."
285,310,ID_080,WAIST,"Doshaguma Coil β","Waistgear made from Doshaguma parts. Nothing can muss the thick pile of this sturdy sash."
286,311,ID_080,LEG,"Doshaguma Greaves β","Doshaguma leg armor. Whether dune or sandstorm, nothing can slow its wearer's progress."
287,312,ID_081,HELM,"Hirabami Headdress α","Head armor made from Hirabami spoils. It keeps the wearer attuned and bound to the wind at all times."
288,313,ID_081,BODY,"Hirabami Mail α","Chest armor made from Hirabami spoils. The style is inspired by the gallant warriors of a foreign land."
289,314,ID_081,ARM,"Hirabami Vambraces α","Armguards made from Hirabami spoils. Wind rises at the fingertips in warning to all adversaries."
290,315,ID_081,WAIST,"Hirabami Coil α","Waistgear made from Hirabami spoils. The elegant sash harnesses the wind to mitigate impacts."
291,316,ID_081,LEG,"Hirabami Greaves α","Leg armor made from Hirabami spoils. Designed for mobility, they feel like walking on wind."
292,317,ID_082,HELM,"Hirabami Headdress β","Head armor made from Hirabami spoils. It keeps the wearer attuned and bound to the wind at all times."
293,318,ID_082,BODY,"Hirabami Mail β","Chest armor made from Hirabami spoils. The style is inspired by the gallant warriors of a foreign land."
294,319,ID_082,ARM,"Hirabami Vambraces β","Armguards made from Hirabami spoils. Wind rises at the fingertips in warning to all adversaries."
295,320,ID_082,WAIST,"Hirabami Coil β","Waistgear made from Hirabami spoils. The elegant sash harnesses the wind to mitigate impacts."
296,321,ID_082,LEG,"Hirabami Greaves β","Leg armor made from Hirabami spoils. Designed for mobility, they feel like walking on wind."
297,322,ID_083,HELM,"G. Fulgur Helm α","Head armor made from Guardian Fulgur Anjanath spoils. To don it is to be seized by unspeakable cravings."
298,323,ID_083,BODY,"G. Fulgur Mail α","Chest armor made from Guardian Fulgur Anjanath spoils. It instills a new vitality and sense of purpose."
299,324,ID_083,ARM,"G. Fulgur Vambraces α","Armguards made from Guardian Fulgur Anjanath spoils. They agitate the wearer unless in constant motion."
300,325,ID_083,WAIST,"G. Fulgur Coil α","Waistgear made from Guardian Fulgur Anjanath spoils. The white areas self-repair when damaged."
301,326,ID_083,LEG,"G. Fulgur Greaves α","Leg armor made from Guardian Fulgur Anjanath spoils. Produces a faint white aura when worn."
302,327,ID_084,HELM,"G. Fulgur Helm β","Head armor made from Guardian Fulgur Anjanath spoils. To don it is to be seized by unspeakable cravings."
303,328,ID_084,BODY,"G. Fulgur Mail β","Chest armor made from Guardian Fulgur Anjanath spoils. It instills a new vitality and sense of purpose."
304,329,ID_084,ARM,"G. Fulgur Vambraces β","Armguards made from Guardian Fulgur Anjanath spoils. They agitate the wearer unless in constant motion."
305,330,ID_084,WAIST,"G. Fulgur Coil β","Waistgear made from Guardian Fulgur Anjanath spoils. The white areas self-repair when damaged."
306,331,ID_084,LEG,"G. Fulgur Greaves β","Leg armor made from Guardian Fulgur Anjanath spoils. Produces a faint white aura when worn."
307,332,ID_085,HELM,"Ingot Helm α","Head armor fashioned from lustrous, golden ore. Regal protection with a crown to complete the look."
308,333,ID_085,BODY,"Ingot Mail α","Chest armor crafted from brilliant golden ore. Its color and design are both highly pleasing."
309,334,ID_085,ARM,"Ingot Vambraces α","Armguards fashioned from lustrous, golden ore. A union of artistry and utility with no absence of durability."
310,335,ID_085,WAIST,"Ingot Coil α","Waistgear fashioned from lustrous, golden ore. It joins haute design with the very latest in armor craft."
311,336,ID_085,LEG,"Ingot Greaves α","Leg armor fashioned from lustrous, golden ore. Clever smithing makes the metal feel fluid and light."
312,342,ID_087,WAIST,"G. Seikret Coil α","Guardian Seikret waistgear. The long, white feathers produce a faint, exquisite glow."
313,343,ID_088,WAIST,"G. Seikret Coil β","Guardian Seikret waistgear. The long, white feathers produce a faint, exquisite glow."
314,344,ID_089,HELM,"Ajarakan Helm α","Imposing Ajarakan head armor. Donning it will draw the fires from within to burst forth."
315,345,ID_089,BODY,"Ajarakan Mail α","Ajarakan chest armor. The heat of its flames warns prey of their final immolation."
316,346,ID_089,ARM,"Ajarakan Vambraces α","Mighty Ajarakan armguards. They have just as much ground-shaking power as their namesake."
317,347,ID_089,WAIST,"Ajarakan Coil α","Ajarakan waistgear. It acts as a tether to quell the wearer's exploding rage."
318,348,ID_089,LEG,"Ajarakan Greaves α","Flame crested Ajarakan leg armor. A heat so fierce that each step makes the earth shudder in agony."
319,349,ID_090,HELM,"Ajarakan Helm β","Imposing Ajarakan head armor. Donning it will draw the fires from within to burst forth."
320,350,ID_090,BODY,"Ajarakan Mail β","Ajarakan chest armor. The heat of its flames warns prey of their final immolation."
321,351,ID_090,ARM,"Ajarakan Vambraces β","Mighty Ajarakan armguards. They have just as much ground-shaking power as their namesake."
322,352,ID_090,WAIST,"Ajarakan Coil β","Ajarakan waistgear. It acts as a tether to quell the wearer's exploding rage."
323,353,ID_090,LEG,"Ajarakan Greaves β","Flame crested Ajarakan leg armor. A heat so fierce that each step makes the earth shudder in agony."
324,354,ID_091,HELM,"Blango Helm α","Head armor made from Blangonga materials. Overflowing with the honor of a foreign god."
325,355,ID_091,BODY,"Blango Mail α","Chest armor made of Blangonga materials. It has a distinct, eastern feel to it."
326,356,ID_091,ARM,"Blango Vambraces α","Armguards made from Blangonga parts. The tough pelt is woven with gentle, inspiring elegance."
327,357,ID_091,WAIST,"Blango Coil α","Waistgear made of Blangonga parts with technology from the ""Eastern Land of the Gods."""
328,358,ID_091,LEG,"Blango Greaves α","Leg armor made from Blangonga spoils. The striking, exotic shapes draw from Far Eastern ritual garb."
329,359,ID_092,HELM,"Blango Helm β","Head armor made from Blangonga materials. Overflowing with the honor of a foreign god."
330,360,ID_092,BODY,"Blango Mail β","Chest armor made of Blangonga materials. It has a distinct, eastern feel to it."
331,361,ID_092,ARM,"Blango Vambraces β","Armguards made from Blangonga parts. The tough pelt is woven with gentle, inspiring elegance."
332,362,ID_092,WAIST,"Blango Coil β","Waistgear made of Blangonga parts with technology from the ""Eastern Land of the Gods."""
333,363,ID_092,LEG,"Blango Greaves β","Leg armor made from Blangonga spoils. The striking, exotic shapes draw from Far Eastern ritual garb."
334,364,ID_093,HELM,"G. Doshaguma Helm α","Head armor made from Guardian Doshaguma spoils. To don it is to be seized by unspeakable cravings."
335,365,ID_093,BODY,"G. Doshaguma Mail α","Chest armor made from Guardian Doshaguma spoils. It instills a new vitality and sense of purpose."
336,366,ID_093,ARM,"G. Doshaguma Braces α","Armguards made from Guardian Doshaguma spoils. They agitate the wearer unless in constant motion."
337,367,ID_093,WAIST,"G. Doshaguma Coil α","Waistgear made from Guardian Doshaguma spoils. The white areas self-repair when damaged."
338,368,ID_093,LEG,"G. Doshaguma Greaves α","Leg armor made from Guardian Doshaguma spoils. Produces a faint white aura when worn."
339,369,ID_094,HELM,"G. Doshaguma Helm β","Head armor made from Guardian Doshaguma spoils. To don it is to be seized by unspeakable cravings."
340,370,ID_094,BODY,"G. Doshaguma Mail β","Chest armor made from Guardian Doshaguma spoils. It instills a new vitality and sense of purpose."
341,371,ID_094,ARM,"G. Doshaguma Braces β","Armguards made from Guardian Doshaguma spoils. They agitate the wearer unless in constant motion."
342,372,ID_094,WAIST,"G. Doshaguma Coil β","Waistgear made from Guardian Doshaguma spoils. The white areas self-repair when damaged."
343,373,ID_094,LEG,"G. Doshaguma Greaves β","Leg armor made from Guardian Doshaguma spoils. Produces a faint white aura when worn."
344,374,ID_095,HELM,"G. Rathalos Helm α","Head armor made from Guardian Rathalos spoils. To don it is to be seized by unspeakable cravings."
345,375,ID_095,BODY,"G. Rathalos Mail α","Chest armor made from Guardian Rathalos spoils. It instills a new vitality and sense of purpose."
346,376,ID_095,ARM,"G. Rathalos Vambraces α","Armguards made from Guardian Rathalos spoils. They agitate the wearer unless in constant motion."
347,377,ID_095,WAIST,"G. Rathalos Coil α","Waistgear made from Guardian Rathalos spoils. The white areas self-repair when damaged."
348,378,ID_095,LEG,"G. Rathalos Greaves α","Leg armor made from Guardian Rathalos spoils. Produces a faint white aura when worn."
349,379,ID_096,HELM,"G. Rathalos Helm β","Head armor made from Guardian Rathalos spoils. To don it is to be seized by unspeakable cravings."
350,380,ID_096,BODY,"G. Rathalos Mail β","Chest armor made from Guardian Rathalos spoils. It instills a new vitality and sense of purpose."
351,381,ID_096,ARM,"G. Rathalos Vambraces β","Armguards made from Guardian Rathalos spoils. They agitate the wearer unless in constant motion."
352,382,ID_096,WAIST,"G. Rathalos Coil β","Waistgear made from Guardian Rathalos spoils. The white areas self-repair when damaged."
353,383,ID_096,LEG,"G. Rathalos Greaves β","Leg armor made from Guardian Rathalos spoils. Produces a faint white aura when worn."
354,384,ID_097,HELM,"Gravios Helm α","A helm cast from Gravios materials. This rock-like armor deflects attacks."
355,385,ID_097,BODY,"Gravios Mail α","Chest armor made from Gravios parts. Striking it is more likely to hurt the attacker."
356,386,ID_097,ARM,"Gravios Vambraces α","Armguards made from Gravios parts. Their powerful appearance hints at their true strength."
357,387,ID_097,WAIST,"Gravios Coil α","Waist armor made with Gravios parts. Its thickness and weight are indicative of its defensive power."
358,388,ID_097,LEG,"Gravios Greaves α","Greaves made from Gravios parts. Tightly fastened to protect like a castle gate."
359,389,ID_098,HELM,"Gravios Helm β","A helm cast from Gravios materials. This rock-like armor deflects attacks."
360,390,ID_098,BODY,"Gravios Mail β","Chest armor made from Gravios parts. Striking it is more likely to hurt the attacker."
361,391,ID_098,ARM,"Gravios Vambraces β","Armguards made from Gravios parts. Their powerful appearance hints at their true strength."
362,392,ID_098,WAIST,"Gravios Coil β","Waist armor made with Gravios parts. Its thickness and weight are indicative of its defensive power."
363,393,ID_098,LEG,"Gravios Greaves β","Greaves made from Gravios parts. Tightly fastened to protect like a castle gate."
364,394,ID_099,HELM,"G. Ebony Helm α","Head armor made from Guardian Ebony Odogaron spoils. To don it is to be seized by unspeakable cravings."
365,395,ID_099,BODY,"G. Ebony Mail α","Chest armor made from Guardian Ebony Odogaron spoils. It instills a new vitality and sense of purpose."
366,396,ID_099,ARM,"G. Ebony Braces α","Armguards made from Guardian Ebony Odogaron spoils. They agitate the wearer unless in constant motion."
367,397,ID_099,WAIST,"G. Ebony Coil α","Waistgear made from Guardian Ebony Odogaron spoils. The white areas self-repair when damaged."
368,398,ID_099,LEG,"G. Ebony Greaves α","Leg armor made from Guardian Ebony Odogaron spoils. Produces a faint white aura when worn."
369,399,ID_100,HELM,"G. Ebony Helm β","Head armor made from Guardian Ebony Odogaron spoils. To don it is to be seized by unspeakable cravings."
370,400,ID_100,BODY,"G. Ebony Mail β","Chest armor made from Guardian Ebony Odogaron spoils. It instills a new vitality and sense of purpose."
371,401,ID_100,ARM,"G. Ebony Braces β","Armguards made from Guardian Ebony Odogaron spoils. They agitate the wearer unless in constant motion."
372,402,ID_100,WAIST,"G. Ebony Coil β","Waistgear made from Guardian Ebony Odogaron spoils. The white areas self-repair when damaged."
373,403,ID_100,LEG,"G. Ebony Greaves β","Leg armor made from Guardian Ebony Odogaron spoils. Produces a faint white aura when worn."
374,404,ID_103,HELM,"Rathalos Helm α","Head armor crafted from Rathalos parts. Equivalent to a king's crown with unparalleled defense."
375,405,ID_103,BODY,"Rathalos Mail α","Chest armor made of Rathalos parts. Carved from the King of the Skies, it boasts overwhelming defense."
376,406,ID_103,ARM,"Rathalos Vambraces α","Crafted from Rathalos parts. These armguards deliver sundering blows with the power of the King of the Skies."
377,407,ID_103,WAIST,"Rathalos Coil α","Crafted from Rathalos parts, this waistgear has the wearer appear as if they were a wyvern themself."
378,408,ID_103,LEG,"Rathalos Greaves α","Sturdy and supple, this Rathalos leg armor makes one as nimble as a fire wyvern mounting the skies."
379,409,ID_104,HELM,"Rathalos Helm β","Head armor crafted from Rathalos parts. Equivalent to a king's crown with unparalleled defense."
380,410,ID_104,BODY,"Rathalos Mail β","Chest armor made of Rathalos parts. Carved from the King of the Skies, it boasts overwhelming defense."
381,411,ID_104,ARM,"Rathalos Vambraces β","Crafted from Rathalos parts. These armguards deliver sundering blows with the power of the King of the Skies."
382,412,ID_104,WAIST,"Rathalos Coil β","Crafted from Rathalos parts, this waistgear has the wearer appear as if they were a wyvern themself."
383,413,ID_104,LEG,"Rathalos Greaves β","Sturdy and supple, this Rathalos leg armor makes one as nimble as a fire wyvern mounting the skies."
384,414,ID_105,HELM,"Xu Wu Helm α","Concealing Xu Wu head armor. Fitting attire for hunters who dwell in darkness."
385,415,ID_105,BODY,"Xu Wu Mail α","Xu Wu chest armor. The long scarf can be used as protective gear and multi-purpose rope."
386,416,ID_105,ARM,"Xu Wu Vambraces α","Xu Wu armguards. The clever design gives the wearer's fingers a nimble edge even in the dark."
387,417,ID_105,WAIST,"Xu Wu Coil α","Slinky Xu Wu waistgear. The uniquely textured leather moves silent as a whisper."
388,418,ID_105,LEG,"Xu Wu Greaves α","Xu Wu leg armor. Meticulously crafted to allow the wearer to slink silently through the dark."
389,419,ID_106,HELM,"Xu Wu Helm β","Concealing Xu Wu head armor. Fitting attire for hunters who dwell in darkness."
390,420,ID_106,BODY,"Xu Wu Mail β","Xu Wu chest armor. The long scarf can be used as protective gear and multi-purpose rope."
391,421,ID_106,ARM,"Xu Wu Vambraces β","Xu Wu armguards. The clever design gives the wearer's fingers a nimble edge even in the dark."
392,422,ID_106,WAIST,"Xu Wu Coil β","Slinky Xu Wu waistgear. The uniquely textured leather moves silent as a whisper."
393,423,ID_106,LEG,"Xu Wu Greaves β","Xu Wu leg armor. Meticulously crafted to allow the wearer to slink silently through the dark."
394,424,ID_109,HELM,"Dober Helm α","Head armor fashioned from obsidian bone of unknown provenance. It resembles an all-powerful monster."
395,425,ID_109,BODY,"Dober Mail α","Chest armor fashioned from obsidian bone of unknown provenance. It resembles an all-powerful monster."
396,426,ID_109,ARM,"Dober Vambraces α","Armguards made of unknown black bones, which surely belonged to a mighty beast."
397,427,ID_109,WAIST,"Dober Coil α","Waistgear made of unknown black bones, perhaps from an ancient dragon king."
398,428,ID_109,LEG,"Dober Greaves α","Leg armor fashioned from obsidian bone of unknown provenance. It resembles an all-powerful monster."
399,434,ID_111,HELM,"Damascus Helm α","A steel helmet of precious origin and rare manufacture that is said to lead the wearer to glory."
400,435,ID_111,BODY,"Damascus Mail α","Steel chest armor capable of stopping a thousand arrows as it leads the wearer to glory."
401,436,ID_111,ARM,"Damascus Vambraces α","Steel armor said to lead its wearer to glory. Once thought to be mythical."
402,437,ID_111,WAIST,"Damascus Coil α","Steel waistgear said to lead its wearer to glory. Rarely glimpsed in a lifetime."
403,438,ID_111,LEG,"Damascus Greaves α","This legendary steel armor is said to lead its wearer down the conqueror's path."
404,444,ID_113,HELM,"Dahaad Shardhelm α","Jin Dahaad head armor modelled after the helm of a member of a lost kingdom's royalty. It evokes the royal's icy gaze."
405,445,ID_113,BODY,"Dahaad Shardmail α","Jin Dahaad chest armor. The layered plates repel all pain and nurture an icy vengeance."
406,446,ID_113,ARM,"Dahaad Shardbraces α","Jin Dahaad armguards. Directly rejecting warmth, they freeze everything they touch."
407,447,ID_113,WAIST,"Dahaad Shardcoil α","Jin Dahaad waistgear. The ornate design recalls the majesty of a lost dynasty."
408,448,ID_113,LEG,"Dahaad Shardgreaves α","Jin Dahaad leg armor. Every footfall coats the earth in spiderwebs of ice."
409,449,ID_114,HELM,"Dahaad Shardhelm β","Jin Dahaad head armor modelled after the helm of a member of a lost kingdom's royalty. It evokes the royal's icy gaze."
410,450,ID_114,BODY,"Dahaad Shardmail β","Jin Dahaad chest armor. The layered plates repel all pain and nurture an icy vengeance."
411,451,ID_114,ARM,"Dahaad Shardbraces β","Jin Dahaad armguards. Directly rejecting warmth, they freeze everything they touch."
412,452,ID_114,WAIST,"Dahaad Shardcoil β","Jin Dahaad waistgear. The ornate design recalls the majesty of a lost dynasty."
413,453,ID_114,LEG,"Dahaad Shardgreaves β","Jin Dahaad leg armor. Every footfall coats the earth in spiderwebs of ice."
414,454,ID_115,HELM,"Rey Sandhelm α","Rey Dau head armor. Its crest reaches the heavens—proof that this creature bows to no one."
415,455,ID_115,BODY,"Rey Sandmail α","Rey Dau chest armor. Its carapace has been meticulously paneled into a bastion of defense."
416,456,ID_115,ARM,"Rey Sandbraces α","Rey Dau armguards. A lingering charge gives the wearer a grip like a vice."
417,457,ID_115,WAIST,"Rey Sandcoil α","Rey Dau waistgear. The faintly glowing buckle inspires awe and respect."
418,458,ID_115,LEG,"Rey Sandgreaves α","Rey Dau leg armor. A layer of latent electricity cushions blows and softens landings."
419,459,ID_116,HELM,"Rey Sandhelm β","Rey Dau head armor. Its crest reaches the heavens—proof that this creature bows to no one."
420,460,ID_116,BODY,"Rey Sandmail β","Rey Dau chest armor. Its carapace has been meticulously paneled into a bastion of defense."
421,461,ID_116,ARM,"Rey Sandbraces β","Rey Dau armguards. A lingering charge gives the wearer a grip like a vice."
422,462,ID_116,WAIST,"Rey Sandcoil β","Rey Dau waistgear. The faintly glowing buckle inspires awe and respect."
423,463,ID_116,LEG,"Rey Sandgreaves β","Rey Dau leg armor. A layer of latent electricity cushions blows and softens landings."
424,464,ID_117,HELM,"Duna Wildhelm α","Uth Duna head armor. The plumage crafted from its fins convey the forest's will to the wearer."
425,465,ID_117,BODY,"Duna Wildmail α","Uth Duna chest armor. The tightly fitted scales make the wearer feel as if they are one with nature."
426,466,ID_117,ARM,"Duna Wildbraces α","Uth Duna armguards. The rows of stone beading are an elegant touch that boosts concentration."
427,467,ID_117,WAIST,"Duna Wildcoil α","Uth Duna waistgear. The fabric is imbued with the breath of the forest, absorbing any impact."
428,468,ID_117,LEG,"Duna Wildgreaves α","Elaborately patterned Uth Duna leg armor. The design is said to invoke the forest's protection."
429,469,ID_118,HELM,"Duna Wildhelm β","Uth Duna head armor. The plumage crafted from its fins convey the forest's will to the wearer."
430,470,ID_118,BODY,"Duna Wildmail β","Uth Duna chest armor. The tightly fitted scales make the wearer feel as if they are one with nature."
431,471,ID_118,ARM,"Duna Wildbraces β","Uth Duna armguards. The rows of stone beading are an elegant touch that boosts concentration."
432,472,ID_118,WAIST,"Duna Wildcoil β","Uth Duna waistgear. The fabric is imbued with the breath of the forest, absorbing any impact."
433,473,ID_118,LEG,"Duna Wildgreaves β","Elaborately patterned Uth Duna leg armor. The design is said to invoke the forest's protection."
434,474,ID_119,HELM,"Udra Mirehelm α","Nu Udra head armor. The world through this mask is swathed in vengeance and ebony fire."
435,475,ID_119,BODY,"Udra Miremail α","Nu Udra chest armor. As if a curse manifested, tentacles drape down to form a haunting cape."
436,476,ID_119,ARM,"Udra Mirebraces α","Chilling Nu Udra armguards. They warp one's sense of touch, changing warmth to cold nothingness."
437,477,ID_119,WAIST,"Udra Mirecoil α","Nu Udra waistgear. The gnash of spikes and fangs are bound by a personalized curse."
438,478,ID_119,LEG,"Udra Miregreaves α","Nu Udra leg armor. The wearer could cross a sea of fire without so much as a blister."
439,479,ID_120,HELM,"Udra Mirehelm β","Nu Udra head armor. The world through this mask is swathed in vengeance and ebony fire."
440,480,ID_120,BODY,"Udra Miremail β","Nu Udra chest armor. As if a curse manifested, tentacles drape down to form a haunting cape."
441,481,ID_120,ARM,"Udra Mirebraces β","Chilling Nu Udra armguards. They warp one's sense of touch, changing warmth to cold nothingness."
442,482,ID_120,WAIST,"Udra Mirecoil β","Nu Udra waistgear. The gnash of spikes and fangs are bound by a personalized curse."
443,483,ID_120,LEG,"Udra Miregreaves β","Nu Udra leg armor. The wearer could cross a sea of fire without so much as a blister."
444,484,ID_107,HELM,"Gore Helm α","A helmet made from Gore Magala spoils. The nether-black surface thrums with its late master's power."
445,485,ID_107,BODY,"Gore Mail α","Chest armor made from Gore Magala spoils. Its agonizing miasma sends prey screaming to the netherworld."
446,486,ID_107,ARM,"Gore Vambraces α","Armguards made from Gore Magala materials. Even the largest prey will be drawn into oblivion."
447,487,ID_107,WAIST,"Gore Coil α","Waistgear made from Gore Magala materials. Darkens the world and seduces prey toward certain demise."
448,488,ID_107,LEG,"Gore Greaves α","Leg armor made from Gore Magala materials. Spirits you across hunting grounds as fast as the wind."
449,489,ID_108,HELM,"Gore Helm β","A helmet made from Gore Magala spoils. The nether-black surface thrums with its late master's power."
450,490,ID_108,BODY,"Gore Mail β","Chest armor made from Gore Magala spoils. Its agonizing miasma sends prey screaming to the netherworld."
451,491,ID_108,ARM,"Gore Vambraces β","Armguards made from Gore Magala materials. Even the largest prey will be drawn into oblivion."
452,492,ID_108,WAIST,"Gore Coil β","Waistgear made from Gore Magala materials. Darkens the world and seduces prey toward certain demise."
453,493,ID_108,LEG,"Gore Greaves β","Leg armor made from Gore Magala materials. Spirits you across hunting grounds as fast as the wind."
454,494,ID_121,HELM,"Arkvulcan Helm α","A helmet made from Arkveld spoils. The design was worn by a knight errant who reshaped the world."
455,495,ID_121,BODY,"Arkvulcan Mail α","Chest armor made from Arkveld spoils. The knight fearlessly broke the will of every adversary."
456,496,ID_121,ARM,"Arkvulcan Vambraces α","Armguards made from Arkveld spoils. Legions a hundred thousand strong succumbed before the knight."
457,497,ID_121,WAIST,"Arkvulcan Coil α","Waistgear made from Arkveld spoils. Until the kingdom was restored, the knight bowed before no hardship."
458,498,ID_121,LEG,"Arkvulcan Greaves α","Leg armor made from Arkveld spoils. No bloody war nor bitter loss could halt the knight's march to victory."
459,499,ID_122,HELM,"Arkvulcan Helm β","A helmet made from Arkveld spoils. The design was worn by a knight errant who reshaped the world."
460,500,ID_122,BODY,"Arkvulcan Mail β","Chest armor made from Arkveld spoils. The knight fearlessly broke the will of every adversary."
461,501,ID_122,ARM,"Arkvulcan Vambraces β","Armguards made from Arkveld spoils. Legions a hundred thousand strong succumbed before the knight."
462,502,ID_122,WAIST,"Arkvulcan Coil β","Waistgear made from Arkveld spoils. Until the kingdom was restored, the knight bowed before no hardship."
463,503,ID_122,LEG,"Arkvulcan Greaves β","Leg armor made from Arkveld spoils. No bloody war nor bitter loss could halt the knight's march to victory."
464,504,ID_031,HELM,"G. Arkveld Helm α","Guardian Arkveld head armor. A host of heightened senses make up for the narrow view."
465,505,ID_031,BODY,"G. Arkveld Mail α","Guardian Arkveld chest armor. It beckons forth a shudder of indescribable power."
466,506,ID_031,ARM,"G. Arkveld Vambraces α","Guardian Arkveld armguards. Instills the desire to tear at friend and foe alike."
467,507,ID_031,WAIST,"G. Arkveld Coil α","Guardian Arkveld waistgear. The chains writhe subtly, eager to ensnare prey."
468,508,ID_031,LEG,"G. Arkveld Greaves α","Guardian Arkveld leg armor. Their power grows with each relentless, hungry step."
469,509,ID_036,HELM,"G. Arkveld Helm β","Guardian Arkveld head armor. A host of heightened senses make up for the narrow view."
470,510,ID_036,BODY,"G. Arkveld Mail β","Guardian Arkveld chest armor. It beckons forth a shudder of indescribable power."
471,511,ID_036,ARM,"G. Arkveld Vambraces β","Guardian Arkveld armguards. Instills the desire to tear at friend and foe alike."
472,512,ID_036,WAIST,"G. Arkveld Coil β","Guardian Arkveld waistgear. The chains writhe subtly, eager to ensnare prey."
473,513,ID_036,LEG,"G. Arkveld Greaves β","Guardian Arkveld leg armor. Their power grows with each relentless, hungry step."
474,514,ID_123,HELM,"Kunafa Headgear α","Head armor with large horns traditionally worn by the leader of the Vanguard in the Windsong Village."
475,515,ID_123,BODY,"Kunafa Cloak α","A cloak worn for generations in the Windsong Village, notable for the Seikret feathers woven into it."
476,516,ID_123,WAIST,"Kunafa Sash α","Waistgear worn in the Windsong Village. The sash's patterns represent their hopes and prayers."
477,517,ID_123,LEG,"Kunafa Chaps α","Leg armor worn in the Windsong Village. Handsome Dalthydon pelts keep the legs well protected."
478,518,ID_124,HELM,"Azuz Headdress α","Headwear worn in the village of the Everforge. The hairpin's fine details speak to the Bonefolk's artistry."
479,519,ID_124,BODY,"Azuz Apron α","Chest armor worn in the village of the Everforge. Large medallions denoting mastery are sewn on as reinforcement. "
480,520,ID_124,LEG,"Azuz Pants α","Legwear worn in the village of the Everforge. The rubbery, oil- based material is completely waterproof."
481,521,ID_125,WAIST,"Suja Sash α","Waistgear worn in the Peaks of Accord. A ritual blade hangs at the sash as blessed protection."
482,522,ID_126,HELM,"Sild Hood α","A hood worn in the Keepers' Vigil. The cocoon-like fibers afford solid protection, and breathe well too."
483,523,ID_126,BODY,"Sild Coat α","A coat worn in the Keepers' Vigil. Thick, but also extremely light so as not to impede their daily work."
484,524,ID_127,HELM,"Death Stench Brain α","Accursed armor, said to bring death. The wearer hears echoes of their victim's death throes."
485,525,ID_127,BODY,"Death Stench Muscle α","Armor said to bring death. Unworldly light and penetratingly cold."
486,526,ID_127,ARM,"Death Stench Grip α","Armor drenched in the stench of decay and a sensation as if the god of death resides within."
487,527,ID_127,WAIST,"Death Stench Bowels α","This gear gives off a stench of decay, as though death's aroma permeates the air around you..."
488,528,ID_127,LEG,"Death Stench Heel α","Modeled on the god of death. Hearing the black footsteps means your time has come."
489,529,ID_128,HELM,"Butterfly Vertex α","Dazzling armor made from insect parts. Its light weight and color are proof of one's class."
490,530,ID_128,BODY,"Butterfly Thorax α","Dazzling armor made from insect parts. The wearer's every movement exudes elegance."
491,531,ID_128,ARM,"Butterfly Brachia α","Dazzling armor made from insect parts. The gorgeous material has a lovely silky feel to it."
492,532,ID_128,WAIST,"Butterfly Elytra α","Dazzling armor made from insect parts. It radiates style akin to that of nobility."
493,533,ID_128,LEG,"Butterfly Crura α","Dazzling armor made from insect parts. Its light weight and color are proof of one's class."
494,534,ID_129,HELM,"King Beetle Vertex α","Armor to fulfill the ambitions of those who dreamed of wielding the power to rule over bugdom."
495,535,ID_129,BODY,"King Beetle Thorax α","Chest armor so tough it's hard to believe that it's made from insect parts."
496,536,ID_129,ARM,"King Beetle Brachia α","Armor to fulfill the ambitions of those who dreamed of wielding the power to rule over bug-kind."
497,537,ID_129,WAIST,"King Beetle Elytra α","Waistgear made from insect materials. Wearers resemble a black bullet when running."
498,538,ID_129,LEG,"King Beetle Crura α","Armor so perfect that one could get tread upon by a wyvern and not even flinch."
499,539,ID_130,HELM,"High Metal Helm α","Armor made from a generous portion of ore. Don't worry, it breathes surprisingly well."
500,540,ID_130,BODY,"High Metal Mail α","Armor made from a generous portion of ore. Can repel even the fiercest blows."
501,541,ID_130,ARM,"High Metal Braces α","Armor made from a generous portion of ore. Ordinary attacks won't even scratch it!"
502,542,ID_130,WAIST,"High Metal Coil α","Armor made from a generous portion of ore. Has multiple layers for extra protection."
503,543,ID_130,LEG,"High Metal Greaves α","Armor made from a generous portion of ore. Renowned for its ability to withstand monster attacks."
504,544,ID_131,HELM,"Battle Helm α","Head armor designed for seasoned hunters. They say it must be earned, so novices dare not wear it."
505,545,ID_131,BODY,"Battle Mail α","Chest armor designed for seasoned hunters. Stylish, useful, and solid protection—it checks all the boxes."
506,546,ID_131,ARM,"Battle Vambraces α","Armguards designed for seasoned hunters. Highly utile, with extra consideration given to mobility."
507,547,ID_131,WAIST,"Battle Coil α","Waistgear designed for seasoned hunters. The striking design offers a light, functional build."
508,548,ID_131,LEG,"Battle Greaves α","Leg armor designed for seasoned hunters. No compromises were made for this sought-after masterpiece."
509,549,ID_132,HELM,"Melahoa Hat α","Fragrant head protection that instills a deep longing to return to the old days."
510,550,ID_132,BODY,"Melahoa Jacket α","Fragrant chest armor that brings tears to the wearer's eyes as they cannot help remembering the past."
511,551,ID_132,ARM,"Melahoa Branch α","Fragrant armguards with pastel coloring and a nostalgic scent that tug at an aging hunter's heart."
512,552,ID_132,WAIST,"Melahoa Folia α","Fragrant waistgear that is silky to the touch. Its sweet scent reminds hunters of times gone by."
513,553,ID_132,LEG,"Melahoa Roots α","Fragrant leg armor that could intoxicate even a wyvern with its sweet, wafting aroma."
519,554,ID_133,HELM,"Artian Helm α","Head armor made of eldritch scraps. Artisans debated its design for seven nights."
520,555,ID_133,BODY,"Artian Mail α","Chest armor made from eldritch scraps, which even the Smithy struggled with."
521,556,ID_133,ARM,"Artian Vambraces α","Arm guards made from eldritch scraps. Unlocking its potential took patience."
522,557,ID_133,WAIST,"Artian Coil α","Waistgear made from eldritch scraps. Its original purpose remains a mystery."
523,558,ID_133,LEG,"Artian Greaves α","Leg armor made from eldritch scraps. Wearing it bestows tremendous power."
524,559,ID_134,LEG,"Gajau Boots α","Leg armor made from Gajau spoils. The pliable hide even has fans outside the hunter community."
526,560,ID_135,HELM,"Commission Helm α","Head armor worn by hunters on an expedition to the New World. Sturdily made."
527,561,ID_135,BODY,"Commission Mail α","Chest armor worn by hunters on an expedition to the New World. Sturdily made."
528,562,ID_135,ARM,"Commission Vambraces α","Armguards worn by hunters on an expedition to the New World. Sturdily made."
529,563,ID_135,WAIST,"Commission Coil α","Waistgear worn by hunters on an expedition to the New World. Sturdily made."
530,564,ID_135,LEG,"Commission Greaves α","Leg armor worn by hunters on an expedition to the New World. Sturdily made."
531,570,ID_137,HELM,"Mimiphyta α","A Mimiphyta plushie so closely reminiscent of the real flower that it attracts all sorts of Scarlet Forest insects."
514,575,ID_138,HELM,"Guild Ace Earrings α","Head protection worn by an Astrum Unit hunter. Crafted with special protections exclusive to veterans."
515,576,ID_138,BODY,"Guild Ace Mail α","Chest armor worn by an Astrum Unit hunter. Looks plain, but is quite bespoke on closer inspection."
516,577,ID_138,ARM,"Guild Ace Vambraces α","Armguards worn by an Astrum Unit hunter. Primarily made of leather to make weapon handling a breeze."
517,578,ID_138,WAIST,"Guild Ace Coil α","Waistgear worn by an Astrum Unit hunter. Ensures you can get what you need when you need it."
518,579,ID_138,LEG,"Guild Ace Boots α","Leg armor worn by an Astrum Unit hunter. The design was carefully calibrated to traverse any terrain."
786,630,ID_000,HELM,"No Equipment","<COLOR FF0000>#Rejected#</COLOR> Armor_EXPID00746"
787,631,ID_000,BODY,"No Equipment","<COLOR FF0000>#Rejected#</COLOR> Armor_EXPID00747"
788,632,ID_000,ARM,"No Equipment","<COLOR FF0000>#Rejected#</COLOR> Armor_EXPID00748"
789,633,ID_000,WAIST,"No Equipment","<COLOR FF0000>#Rejected#</COLOR> Armor_EXPID00749"
790,634,ID_000,LEG,"No Equipment","<COLOR FF0000>#Rejected#</COLOR> Armor_EXPID00750"
38,635,ID_139,LEG,"Gajau Boots","Leg armor made from Gajau spoils. The pliable hide even has fans outside the hunter community."
525,656,ID_140,HELM,"Dragonking Eyepatch α","An accessory that instantly makes you look dashing and imposing. Bring out your budding dark side."
532,658,ID_161,HELM,"Expedition Headgear α","Headgear based on the expedition's emblem. A leaf representing the ideals of harmony and order glitters magnificently for all to see."
533,659,ID_203,HELM,"Guild Cross Circlet α","Golden armor for Arena champions. It shines with the wisdom of heroes."
534,660,ID_203,BODY,"Guild Cross Suit α","Armor for Arena champions. Proof that the Guild has recognized the wearer's power."
535,661,ID_203,ARM,"Guild Cross Vambraces α","Armor for Arena champions. Worthy of its wearer's power. A complex design."
536,662,ID_203,WAIST,"Guild Cross Coil α","Armor for Arena champions. Finely made. Proves the wearer is a true champion."
537,663,ID_203,LEG,"Guild Cross Boots α","Armor for Arena champions. Painstakingly made. For true heroes."
538,664,ID_204,HELM,"Clerk Visor α","Grand Hub handler head armor. Woven in a unique way to provide more protection than its appearance suggests."
539,665,ID_204,BODY,"Clerk Suit α","Grand Hub handler chest armor. A manifestation of the desire to fill the Grand Hub with color."
540,666,ID_204,ARM,"Clerk Vambraces α","Grand Hub handler armguards. Their minimalist design is perfectly suited to clerical work."
541,667,ID_204,WAIST,"Clerk Belt α","Grand Hub handler waistgear. A fine piece of equipment that's unparalleled in both form and function."
542,668,ID_204,LEG,"Clerk Shoes α","Grand Hub handler leg armor. Designed to help the wearer stand for hours on end without getting sore feet."
543,669,ID_205,HELM,"Gourmand's Earring α","Dignified earrings awarded to Arena combatants. Symbolizes the spirit of the gourmet, who loves food as much as the hunt."
544,670,ID_206,HELM,"Earrings of Dedication α","Dignified earrings awarded to Arena combatants. Symbolizes those who support their comrades through countless challenges."
545,671,ID_164,HELM,"Mizutsune Helm α","Mizutsune head armor. A wedding headdress for only the most elegant and refined wedding ceremonies."
546,672,ID_164,BODY,"Mizutsune Mail α","Mizutsune chest armor. A piece of wedding attire that took a holy maiden 100 nights to sew."
547,673,ID_164,ARM,"Mizutsune Braces α","Mizutsune armguards. Wedding attire so lavish and beautiful that it brings kings to their knees."
548,674,ID_164,WAIST,"Mizutsune Coil α","Mizutsune waistgear. Wedding attire so stunning, people wouldn't notice if you grew a second head."
549,675,ID_164,LEG,"Mizutsune Greaves α","Mizutsune leg armor. Beautiful wedding footwear that features an enchanting split-toe design."
550,676,ID_165,HELM,"Mizutsune Helm β","Mizutsune head armor. A wedding headdress for only the most elegant and refined wedding ceremonies."
551,677,ID_165,BODY,"Mizutsune Mail β","Mizutsune chest armor. A piece of wedding attire that took a holy maiden 100 nights to sew."
552,678,ID_165,ARM,"Mizutsune Braces β","Mizutsune armguards. Wedding attire so lavish and beautiful that it brings kings to their knees."
553,679,ID_165,WAIST,"Mizutsune Coil β","Mizutsune waistgear. Wedding attire so stunning, people wouldn't notice if you grew a second head."
554,680,ID_165,LEG,"Mizutsune Greaves β","Mizutsune leg armor. Beautiful wedding footwear that features an enchanting split-toe design."
555,681,ID_162,HELM,"Numinous Crown α","Head armor imbued with Zoh Shia's soul. Fights the urge to eradicate all."
556,682,ID_162,BODY,"Numinous Shroud α","Chest armor imbued with Zoh Shia's soul. Restrains the impulse to crush everything in its path."
557,683,ID_162,ARM,"Numinous Vambraces α","Armguards imbued with Zoh Shia's soul, which suppresses the desire to devastate the world."
558,684,ID_162,WAIST,"Numinous Overlay α","Waistgear imbued with Zoh Shia's soul, which resists the instinct to obliterate all living things."
559,685,ID_162,LEG,"Numinous Greaves α","Leg armor imbued with Zoh Shia's soul. Denies its all-consuming thirst for extermination."
560,686,ID_163,HELM,"Numinous Crown β","Head armor imbued with Zoh Shia's soul. Fights the urge to eradicate all."
561,687,ID_163,BODY,"Numinous Shroud β","Chest armor imbued with Zoh Shia's soul. Restrains the impulse to crush everything in its path."
562,688,ID_163,ARM,"Numinous Vambraces β","Armguards imbued with Zoh Shia's soul, which suppresses the desire to devastate the world."
563,689,ID_163,WAIST,"Numinous Overlay β","Waistgear imbued with Zoh Shia's soul, which resists the instinct to obliterate all living things."
564,690,ID_163,LEG,"Numinous Greaves β","Leg armor imbued with Zoh Shia's soul. Denies its all-consuming thirst for extermination."
565,691,ID_166,HELM,"Lagiacrus Helm α","A helmet made from Lagiacrus parts. Its deep azure reflects the glory of besting the Lord of the Seas."
566,692,ID_166,BODY,"Lagiacrus Mail α","Chest armor made from Lagiacrus parts. Its snug, azure plating has the power to fend off any impact."
567,693,ID_166,ARM,"Lagiacrus Braces α","Armguards made from Lagiacrus parts. Made with all the force of the leviathan, eclipsing standard equipment."
568,694,ID_166,WAIST,"Lagiacrus Coil α","Waistgear made from Lagiacrus parts. Its heavy plating boasts exceptional resistance and is a true emblem of honor."
569,695,ID_166,LEG,"Lagiacrus Greaves α","Leg armor made from Lagiacrus parts. It sharpens the wearer's senses and draws out latent abilities."
570,696,ID_167,HELM,"Lagiacrus Helm β","A helmet made from Lagiacrus parts. Its deep azure reflects the glory of besting the Lord of the Seas."
571,697,ID_167,BODY,"Lagiacrus Mail β","Chest armor made from Lagiacrus parts. Its snug, azure plating has the power to fend off any impact."
572,698,ID_167,ARM,"Lagiacrus Braces β","Armguards made from Lagiacrus parts. Made with all the force of the leviathan, eclipsing standard equipment."
573,699,ID_167,WAIST,"Lagiacrus Coil β","Waistgear made from Lagiacrus parts. Its heavy plating boasts exceptional resistance and is a true emblem of honor."
574,700,ID_167,LEG,"Lagiacrus Greaves β","Leg armor made from Lagiacrus parts. It sharpens the wearer's senses and draws out latent abilities."
575,701,ID_101,HELM,"Regios Helm α","Seregios head armor. A shining army adorned with a thousand merits returns home, resplendent in the morning sun."
576,702,ID_101,BODY,"Regios Mail α","Seregios chest armor. A shining army bearing a thousand souls emerges from the heated battle as victors."
577,703,ID_101,ARM,"Regios Vambraces α","Seregios armguards. A shining army routs a thousand foes and celebrates their newfound glory."
578,704,ID_101,WAIST,"Regios Coil α","Seregios waistgear. A shining army claims victory in a thousand wars and brings their conquest to the ends of the earth."
579,705,ID_101,LEG,"Regios Greaves α","Seregios leg armor. A shining army tramples a thousand lands underfoot and walks the path to glory."
580,706,ID_102,HELM,"Regios Helm β","Seregios head armor. A shining army adorned with a thousand merits returns home, resplendent in the morning sun."
581,707,ID_102,BODY,"Regios Mail β","Seregios chest armor. A shining army bearing a thousand souls emerges from the heated battle as victors."
582,708,ID_102,ARM,"Regios Vambraces β","Seregios armguards. A shining army routs a thousand foes and celebrates their newfound glory."
583,709,ID_102,WAIST,"Regios Coil β","Seregios waistgear. A shining army claims victory in a thousand wars and brings their conquest to the ends of the earth."
584,710,ID_102,LEG,"Regios Greaves β","Seregios leg armor. A shining army tramples a thousand lands underfoot and walks the path to glory."
595,721,ID_194,HELM,"Rey Sandhelm γ","Head armor made from special Rey Dau materials. The azure horns evoke the dignity of the Arch-tempered."
596,722,ID_194,BODY,"Rey Sandmail γ","Chest armor made from special Rey Dau materials. The azure armor evokes the valor of the Arch-tempered."
597,723,ID_194,ARM,"Rey Sandbraces γ","Armguards made from special Rey Dau materials. The azure gauntlets evoke the ambition of the Arch-tempered."
598,724,ID_194,WAIST,"Rey Sandcoil γ","Waist armor made from special Rey Dau materials. The azure design evokes the fortitude of the Arch-tempered."
599,725,ID_194,LEG,"Rey Sandgreaves γ","Leg armor made from special Rey Dau materials. The azure greaves evoke the independence of the Arch-tempered."
600,726,ID_195,HELM,"Duna Wildhelm γ","Head armor made from special Uth Duna materials. The vibrant plumage evokes the dignity of the Arch-tempered."
601,727,ID_195,BODY,"Duna Wildmail γ","Chest armor made from special Uth Duna materials. The vibrant scales evoke the valor of the Arch-tempered."
602,728,ID_195,ARM,"Duna Wildbraces γ","Armguards made from special Uth Duna materials. The vibrant beads evoke the ambition of the Arch-tempered."
603,729,ID_195,WAIST,"Duna Wildcoil γ","Waist armor made from special Uth Duna materials. The vibrant fabric evokes the fortitude of the Arch-tempered."
604,730,ID_195,LEG,"Duna Wildgreaves γ","Leg armor made from special Uth Duna materials. The vibrant patterns evoke the independence of the Arch-tempered."
620,746,ID_173,HELM,"Sakuratide Headgear α","Blossomdance Ticket headgear. It embodies the vigor of resplendent warriors from spring sunrises past."
621,747,ID_173,BODY,"Sakuratide Robe α","Blossomdance Ticket chest armor. It embodies the spirit of resplendent warriors from spring sunrises past."
622,748,ID_173,ARM,"Sakuratide Bracers α","Blossomdance Ticket armguards. They embody the virtue of resplendent warriors from spring sunrises past."
623,749,ID_173,WAIST,"Sakuratide Obi α","Blossomdance Ticket waistgear. It embodies the determination of resplendent warriors from spring sunrises past."
624,750,ID_173,LEG,"Sakuratide Hakama α","Blossomdance Ticket leg armor. It embodies the allure of resplendent warriors from spring sunrises past."
625,751,ID_175,HELM,"Blossom Headgear α","Blossom Ticket head armor. This eye-catching accessory is sure to brighten up the season."
626,752,ID_175,BODY,"Blossom Vest α","Blossom Ticket chest armor. The flower brooch adds a snazzy touch."
627,753,ID_175,ARM,"Blossom Cuffs α","Blossom Ticket armguards. A flower-inspired design to add some elegance and cheer."
628,754,ID_175,WAIST,"Blossom Coat α","Blossom Ticket waistgear. Sure to make you as graceful as a spring butterfly floating among the flowers."
629,755,ID_175,LEG,"Blossom Boots α","Blossom Ticket leg armor. Elegant footwear that's perfectly suited for a spring celebration."
630,756,ID_177,HELM,"Afi Crown α","Flamefete Ticket headgear. Its flames dance in the midsummer heat, flames rising ever higher."
631,757,ID_177,BODY,"Afi Top α","Flamefete Ticket chest armor. It's adorned with fiery designs that stand out in the midsummer heat, enlivening the festivities."
632,758,ID_177,ARM,"Afi Armguards α","Flamefete Ticket armguards. They're imbued with blessed fire to be raised up in the midsummer heat, illuminating the people."
633,759,ID_177,WAIST,"Afi Wrap α","Flamefete Ticket waistgear. Its strikingly vibrant colors flutter in the midsummer heat, painting the wind."
634,760,ID_177,LEG,"Afi Sandals α","Flamefete Ticket leg armor. They dance breezily in the midsummer heat, sending prayers with every step and twirl."
635,761,ID_179,HELM,"Diver's Mask α","Diving Ticket headgear. This underwater equipment will have you ready to dive in head first!"
636,762,ID_179,BODY,"Diver's Suit α","Diving Ticket chest armor. Swimwear made with materials that fit tight to the body to ensure swimming is never a drag."
637,763,ID_179,ARM,"Diver's Braces α","Diving Ticket armguards. The device on the right arm is built to function under pressure— just like you."
638,764,ID_179,WAIST,"Diver's Belt α","Diving Ticket waistgear. As versatile as it is stylish, no underwater adventure is complete without this utility belt."
639,765,ID_179,LEG,"Diver's Boots α","Diving Ticket leg armor. Footwear that lets you move so fast underwater, your hunts will never go belly up."
665,796,ID_207,HELM,"Demon Prayer Beads α","Prayer beads worn by a demon of combat who burns to become the ultimate master of the fist. <COLOR preset=""I_YELLOW"">(Full Armor Set)</COLOR>"
666,797,ID_207,BODY,"Demon Garb α","Garb worn by a demon of combat who bears the weight of heaven on his back. <COLOR preset=""I_YELLOW"">(Full Armor Set)</COLOR>"
667,798,ID_207,ARM,"Demon Arm Wraps α","Arm wraps worn by a demon of combat that contain the malefic powers of the Satsui no Hado. <COLOR preset=""I_YELLOW"">(Full Armor Set)</COLOR>"
668,799,ID_207,WAIST,"Demon Belt α","The belt worn by a demon of combat who lives for brutal duels to the death. <COLOR preset=""I_YELLOW"">(Full Armor Set)</COLOR>"
669,800,ID_207,LEG,"Demon Pants α","Pants worn by a demon of combat who treads through even the holiest of domains. <COLOR preset=""I_YELLOW"">(Full Armor Set)</COLOR>"
682,811,ID_193,HELM,"Sealed Eyepatch α","A special order-made eyepatch. The cloth gives off a black glow, one that is difficult to comprehend."
683,812,ID_213,HELM,"Shadow Shades α","A sensible pair of shades. You'll always look cool in these, no matter the situation!"
684,813,ID_200,HELM,"Strategist Spectacles α","Spectacles co-designed by Gemma and the Stonefolk, destined to achieve legendary fame."
687,814,ID_209,HELM,"Faux Felyne α","A Felyne mask. The fur is specially crafted to look just like the real thing."
692,815,ID_202,HELM,"Doshagumask α","An uncanny replica Doshaguma head. The mask might be fake, but the intimidating aura it exudes is as real as it gets."
680,817,ID_210,HELM,"Amstrigian α","A stuffed Amstrigian. Its original design could blow bubbles, but the feature was removed after proving unpopular."
681,818,ID_212,HELM,"Sealed Dragon Cloth α","A cloth used to wrap the remains of an elder dragon. It has been sealed to prevent another calamity."
685,819,ID_184,HELM,"Round Glasses α","A fashionable pair of glasses. The tinted lenses are sure to add a chic flair to your hunts."
686,820,ID_186,HELM,"Square Glasses α","A sophisticated pair of glasses. A versatile look that's perfect for the hunt or the home."
688,824,ID_214,BODY,"Pinion Necklace α","A necklace made with a single, beautiful feather. Like the bird in the expedition's emblem, it serves as a guide to hunters."
689,825,ID_215,BODY,"Hawkheart Jacket α","A jacket harboring Gemma's adventurous spirit. Wearing it serves as a gentle reminder that she'll always have your back."
690,826,ID_188,HELM,"Half Rim Glasses α","Refreshingly stylish glasses with frames that don't obscure your field of vision. Now you can look sophisticated on and off the hunt."
691,827,ID_190,HELM,"Lovely Shades α","Glasses with stylish yet adorable frames that are hard not to love. Now you can show everyone your undying passion for hunting."
695,829,ID_220,ARM,"Toe Bean Mittens α","Purr-fectly replicated Palico paws that allow you to wield both your weapon and the power of unbearable cuteness at once."
